Name,religion_name,ceda_name,first_year,last_year
William Spicer Wood,Quaker,APS,1864,1867
William Spicer Wood,Quaker,ASL,1863,1871
William Spicer Wood,Quaker,AI,1863,1871
William Wilson,Quaker,APS,1838,1865
William Wilson,Quaker,ASL,1865,1866
James Wilson,Quaker,APS,1862,1867
James Wilson,Quaker,ASL,1865,1865
E T Wakefield,Quaker,APS,1853,1864
E T Wakefield,Quaker,ASL,1865,1868
John Ross,Quaker,APS,1839,1852
J Robinson,Quaker,APS,1839,1840
J Robinson,Quaker,ASL,1865,1865
William Horton Lloyd,Quaker,APS,1862,1862
William Horton Lloyd,Quaker,ESL,1844,1847
Joseph Lister,Quaker,APS,1851,1855
Joseph Lister,Quaker,ESL,1844,1847
Jonathan Hutchinson,Quaker,APS,1857,1866
Jonathan Hutchinson,Quaker,ASL,1863,1871
Jonathan Hutchinson,Quaker,AI,1863,1871
William Holmes,Quaker,APS,1840,1867
William Holmes,Quaker,ASL,1865,1869
Thomas (1) Hodgkin,Quaker,QCA,1839,1847
Thomas (1) Hodgkin,Quaker,APS,1838,1866
Thomas (1) Hodgkin,Quaker,ESL,1844,1862
John Henry Gurney,Quaker,APS,1851,1860
John Henry Gurney,Quaker,ESL,1860,1867
George Stacey Gibson,Quaker,APS,1851,1863
George Stacey Gibson,Quaker,ASL,1864,1866
Charles Henry Fox,Quaker,APS,1838,1852
Charles Henry Fox,Quaker,ESL,1861,1871
Charles Henry Fox,Quaker,AI,1861,1871
William Fowler,Quaker,APS,1860,1867
William Fowler,Quaker,ESL,1851,1851
Robert Nicholas Fowler,Quaker,APS,1851,1867
Robert Nicholas Fowler,Quaker,ESL,1851,1871
Robert Nicholas Fowler,Quaker,AI,1851,1871
James T J Doyle,Quaker,APS,1839,1840
James T J Doyle,Quaker,ASL,1865,1868
David Dale,Quaker,APS,1864,1865
David Dale,Quaker,ESL,1860,1863
Henry Crowley,Quaker,APS,1851,1855
Henry Crowley,Quaker,ASL,1864,1871
Henry Crowley,Quaker,AI,1864,1871
x Collier,Quaker,APS,1860,1867
x Collier,Quaker,ESL,1844,1844
William Clay,Quaker,APS,1839,1868
William Clay,Quaker,ESL,1861,1868
Henry Christy,Quaker,APS,1840,1865
Henry Christy,Quaker,ESL,1854,1865
William Bull,Quaker,APS,1854,1854
William Bull,Quaker,ASL,1867,1871
William Bull,Quaker,AI,1867,1871
Antonio Brady,Quaker,APS,1861,1863
Antonio Brady,Quaker,ASL,1864,1871
Antonio Brady,Quaker,AI,1864,1871
James Bell,Quaker,APS,1847,1862
James Bell,Quaker,ESL,1852,1862
James (1) Backhouse,Quaker,APS,1851,1867
James (1) Backhouse,Quaker,ESL,1869,1869
Edward Backhouse,Quaker,APS,1839,1867
Edward Backhouse,Quaker,ESL,1870,1871
Edward Backhouse,Quaker,AI,1870,1871
S  Stafford Allen,Quaker,APS,1861,1867
S  Stafford Allen,Quaker,ASL,1863,1870
William Aldam,Quaker,APS,1838,1848
William Aldam,Quaker,ESL,1844,1848
Arthur Albright,Quaker,APS,1861,1867
Rachel Albright,Quaker,APS,1860,1867
William Albright,Quaker,APS,1852,1860
William Jun Aldam,Quaker,APS,1838,1851
Frederick Alexander,Quaker,APS,1839,1840
Samuel Allen,Quaker,APS,1851,1864
John Arch,Quaker,APS,1852,1854
R Arthington,Quaker,APS,1855,1862
R Jun Arthington,Quaker,APS,1860,1862
C Ashby,Quaker,APS,1860,1860
T Jun Ashby,Quaker,APS,1861,1862
Thomas Ashby,Quaker,APS,1861,1867
Thomas Jun Ashby,Quaker,APS,1865,1865
Catherine Backhouse,Quaker,APS,1851,1861
Jonathan Backhouse,Quaker,APS,1838,1851
S Baker,Quaker,APS,1839,1840
Robert Barclay,Quaker,APS,1838,1855
Richard Barrington,Quaker,APS,1864,1867
Edward Beck,Quaker,APS,1838,1859
Eliza Bell,Quaker,APS,1851,1867
Frederick J Bell,Quaker,APS,1851,1857
S S Bell,Quaker,APS,1857,1866
Samuel Bewley,Quaker,APS,1866,1867
x Biffin,Quaker,APS,1861,1861
J Binyon,Quaker,APS,1856,1857
E L Birkbeck,Quaker,APS,1866,1866
H Birkbeck,Quaker,APS,1860,1860
W Blaine,Quaker,APS,1861,1862
Elizabeth Bowley,Quaker,APS,1860,1867
Henry Brady,Quaker,APS,1866,1867
Charles L Braithwaite,Quaker,APS,1866,1866
L Braithwaite,Quaker,APS,1860,1860
Isaac Brown,Quaker,APS,1839,1867
Joshua Brown,Quaker,APS,1860,1867
Lydia Brown,Quaker,APS,1862,1867
Sarah Burgess,Quaker,APS,1866,1867
Thomas Burgess,Quaker,APS,1860,1861
W Catchpool,Quaker,APS,1855,1859
x Charleton,Quaker,APS,1860,1860
Samuel Clark,Quaker,APS,1839,1840
W Clemes,Quaker,APS,1853,1854
C Clothier,Quaker,APS,1860,1860
Joseph Cooper,Quaker,APS,1851,1867
George Crosfield,Quaker,APS,1838,1838
Joseph Crosland,Quaker,APS,1866,1867
A Crowley,Quaker,APS,1855,1863
A Dale,Quaker,APS,1861,1861
Elizabeth S Dawes,Quaker,APS,1867,1867
John Dodshon,Quaker,APS,1860,1867
Daniel Doncaster,Quaker,APS,1866,1867
Elizabeth Dyer,Quaker,APS,1860,1867
R Dymond,Quaker,APS,1862,1862
William Dyson,Quaker,APS,1864,1865
A Ellis,Quaker,APS,1860,1862
Thomas Evans,Quaker,APS,1860,1865
Ann Everett,Quaker,APS,1839,1861
Joseph Farden,Quaker,APS,1851,1866
John Fell,Quaker,APS,1852,1852
Mary Fell,Quaker,APS,1840,1840
S H Fisher,Quaker,APS,1855,1855
Caleb Fletcher,Quaker,APS,1854,1865
Martha Fletcher,Quaker,APS,1854,1855
John Ford,Quaker,APS,1854,1857
George Fox,Quaker,APS,1862,1867
Henry Fox,Quaker,APS,1862,1867
Robert Were Fox,Quaker,APS,1838,1867
x Fox,Quaker,APS,1861,1861
W Gayner,Quaker,APS,1855,1855
Joseph Gibbens,Quaker,APS,1860,1864
Ann Gibson,Quaker,APS,1860,1865
Francis Gibson,Quaker,APS,1840,1861
F  E Gibson,Quaker,APS,1860,1861
W G Gibson,Quaker,APS,1862,1862
T Gill,Quaker,APS,1861,1862
J Gillett,Quaker,APS,1863,1863
John Gillett,Quaker,APS,1860,1863
J Gilpin,Quaker,APS,1860,1862
James Gingell,Quaker,APS,1860,1862
John Good,Quaker,APS,1861,1867
Josiah Grace,Quaker,APS,1860,1861
Thomas Graham,Quaker,APS,1851,1858
John Green,Quaker,APS,1860,1863
T Gregory,Quaker,APS,1860,1862
G Grimshaw,Quaker,APS,1861,1862
x Hadfield,Quaker,APS,1864,1867
Isaac Hadwen,Quaker,APS,1852,1865
Robert Harding,Quaker,APS,1861,1867
Henry Harris,Quaker,APS,1861,1867
Lydia Harris,Quaker,APS,1840,1862
Thomas Harvey,Quaker,APS,1852,1867
George Head,Quaker,APS,1838,1865
Sarah Head,Quaker,APS,1859,1867
H Headley,Quaker,APS,1860,1860
W Hewitson,Quaker,APS,1860,1860
Charles Hicks,Quaker,APS,1862,1867
Elizabeth Hills,Quaker,APS,1863,1867
James Hills,Quaker,APS,1861,1861
John Hills,Quaker,APS,1853,1864
Gurney Hoare,Quaker,APS,1838,1840
Maria Hooper,Quaker,APS,1860,1862
J Hopkins,Quaker,APS,1839,1860
Rebecca Hopkins,Quaker,APS,1860,1867
Mary Horsnail,Quaker,APS,1851,1857
Elizabeth Howard (2),Quaker,APS,1860,1867
Elizabeth Howard,Quaker,APS,1851,1865
Thomas Hughes,Quaker,APS,1867,1867
Henry Hunt,Quaker,APS,1838,1861
T Hunt,Quaker,APS,1862,1862
J Hurnard,Quaker,APS,1860,1861
John C Isaac,Quaker,APS,1855,1867
John James,Quaker,APS,1860,1860
Charles Janson,Quaker,APS,1861,1866
Samuel Jesper,Quaker,APS,1851,1852
Benjamin Jowett (2),Quaker,APS,1852,1867
John Jun Jowett,Quaker,APS,1851,1851
Robert Jowett (2),Quaker,APS,1852,1862
John King,Quaker,APS,1860,1862
Samuel King,Quaker,APS,1860,1867
Thomas King,Quaker,APS,1838,1840
Alfred Kitching,Quaker,APS,1860,1866
C Knight,Quaker,APS,1839,1839
John Lee,Quaker,APS,1851,1865
x Leitch,Quaker,APS,1847,1849
Thomas Letchmore,Quaker,APS,1860,1860
Thomas x Jun Letchmore,Quaker,APS,1860,1860
Thomas Letchworth,Quaker,APS,1862,1867
Thomas Jun Letchworth,Quaker,APS,1864,1866
Thomas x Jun Letchworth,Quaker,APS,1862,1865
S Lloyd,Quaker,APS,1865,1865
Edward Lucas,Quaker,APS,1852,1867
Rebecca Lucas,Quaker,APS,1851,1867
Thomas Marriage,Quaker,APS,1861,1862
John Marsh,Quaker,APS,1860,1867
R Marsh,Quaker,APS,1860,1861
William Matthews,Quaker,APS,1862,1866
William Mattravers,Quaker,APS,1839,1840
D Miller,Quaker,APS,1853,1859
John Morrison,Quaker,APS,1839,1851
E Neave,Quaker,APS,1861,1861
Mary Overend,Quaker,APS,1851,1855
W J Palmer,Quaker,APS,1862,1866
J Pears,Quaker,APS,1839,1851
Edward Priestman (2),Quaker,APS,1866,1866
John Priestman,Quaker,APS,1852,1862
James Ransome,Quaker,APS,1839,1862
Robert Ransome,Quaker,APS,1839,1865
William Rathbone,Quaker,APS,1839,1867
J Jun Read,Quaker,APS,1839,1840
Edward Richardson,Quaker,APS,1839,1861
Henry Richardson,Quaker,APS,1860,1867
W Richardson,Quaker,APS,1860,1861
R M Rickman,Quaker,APS,1862,1862
S Rickman,Quaker,APS,1838,1838
J Rooke,Quaker,APS,1860,1860
Alfred Rosling,Quaker,APS,1861,1866
John S Rowntree,Quaker,APS,1866,1866
Joseph Rowntree,Quaker,APS,1851,1855
Samuel Rundall,Quaker,APS,1839,1839
Henry Russell,Quaker,APS,1851,1853
Joseph Sams,Quaker,APS,1838,1855
J A Sanders,Quaker,APS,1861,1861
Mary Sansom,Quaker,APS,1855,1855
Micheal Scatterthwaite,Quaker,APS,1861,1861
S Scatterthwaite,Quaker,APS,1861,1862
Benjamin Seebohm,Quaker,APS,1865,1866
William Seebohm,Quaker,APS,1839,1861
Charles Sessions,Quaker,APS,1859,1866
Robert Simpson,Quaker,APS,1860,1867
Alfred Smith,Quaker,APS,1862,1862
Edward Smith,Quaker,APS,1862,1865
Richard Smith,Quaker,APS,1857,1867
Ann Snowden,Quaker,APS,1865,1867
C Southall,Quaker,APS,1861,1861
William Southall,Quaker,APS,1862,1866
William Sparkes,Quaker,APS,1861,1867
Joseph F Spence,Quaker,APS,1854,1867
L Squire,Quaker,APS,1839,1840
Mary Steevens,Quaker,APS,1861,1861
Henry Sterry,Quaker,APS,1851,1867
Richard Sterry,Quaker,APS,1851,1865
John Stevens,Quaker,APS,1839,1840
Joseph Sturge (Mrs),Quaker,APS,1838,1866
Sarah Styles,Quaker,APS,1866,1866
George N Tatham,Quaker,APS,1851,1852
Mary Ann Tatham,Quaker,APS,1851,1867
Edward Taylor,Quaker,APS,1861,1865
F Taylor,Quaker,APS,1861,1861
H Taylor,Quaker,APS,1861,1861
A Thistlethwaite,Quaker,APS,1860,1860
F J Thompson,Quaker,APS,1860,1867
Josiah Thompson,Quaker,APS,1861,1862
Thomas Thompson,Quaker,APS,1862,1862
W Thompson,Quaker,APS,1860,1862
George Treffry,Quaker,APS,1860,1867
Frederick Tuckett,Quaker,APS,1851,1854
W Tuke,Quaker,APS,1860,1860
Thomas Turner,Quaker,APS,1862,1867
James E Veale,Quaker,APS,1851,1867
Jonathan Walker,Quaker,APS,1860,1867
Ann Wallis,Quaker,APS,1851,1867
John Warner,Quaker,APS,1839,1840
Alfred Waterhouse,Quaker,APS,1861,1867
Mary Waterhouse,Quaker,APS,1852,1852
R Waterhouse,Quaker,APS,1861,1862
Thomas Wedmore,Quaker,APS,1861,1864
James Wells,Quaker,APS,1861,1861
Daniel Wheeler,Quaker,APS,1839,1839
W Whiting,Quaker,APS,1861,1861
John Jun Williams,Quaker,APS,1838,1838
W R Williams,Quaker,APS,1860,1860
Charles Wilson,Quaker,APS,1867,1867
George Wilson,Quaker,APS,1861,1867
Isaac Wilson,Quaker,APS,1838,1840
Joseph Wilson,Quaker,APS,1839,1839
Rebecca Wilson,Quaker,APS,1839,1861
H Wise,Quaker,APS,1839,1840
William Woods,Quaker,APS,1865,1865
Louisa Wright,Quaker,APS,1862,1867
James Bowden,Quaker,QCA,1842,1847
William Nash,Quaker,QCA,1842,1847
Joseph Sturge,Quaker,QCA,1842,1847
William Jun Grimshaw,Quaker,QCA,1840,1847
Henry Knight,Quaker,QCA,1840,1847
Henry Knight,Quaker,APS,1852,1858
Edward Paull,Quaker,QCA,1840,1847
Robert Jun Alsop,Quaker,QCA,1837,1847
Abram Rawlinson Barclay,Quaker,QCA,1837,1839
John Barclay,Quaker,QCA,1837,1839
Richard Barrett,Quaker,QCA,1837,1839
John Thomas Barry,Quaker,QCA,1837,1847
John Thomas Barry,Quaker,APS,1852,1853
Peter Bedford,Quaker,QCA,1837,1847
Peter Bedford,Quaker,APS,1860,1860
John Bell,Quaker,QCA,1837,1839
John Bell,Quaker,APS,1838,1840
Thomas Christy,Quaker,QCA,1837,1839
Thomas Christy,Quaker,APS,1839,1840
Samuel Darton,Quaker,QCA,1837,1839
Josiah Forster,Quaker,QCA,1837,1847
Josiah Forster,Quaker,APS,1838,1867
Robert Forster,Quaker,QCA,1837,1847
Robert Forster,Quaker,APS,1860,1867
William Forster,Quaker,QCA,1837,1847
William Forster,Quaker,APS,1838,1840
Joseph Talwin Foster,Quaker,QCA,1837,1847
John Hamilton,Quaker,QCA,1837,1839
Edwd Harris,Quaker,QCA,1837,1847
Geo Holmes,Quaker,QCA,1837,1839
Robert Howard,Quaker,QCA,1837,1839
Robert Howard,Quaker,APS,1838,1840
John Kitching,Quaker,QCA,1837,1839
John Kitching,Quaker,APS,1860,1866
Joseph Neatby,Quaker,QCA,1837,1847
Joseph Neatby,Quaker,APS,1851,1852
John Sanderson,Quaker,QCA,1837,1847
John Sanderson,Quaker,APS,1838,1840
Joseph Shewell,Quaker,QCA,1837,1839
Joseph Shewell,Quaker,APS,1840,1867
George Stacey,Quaker,QCA,1837,1847
Joseph Storrs,Quaker,QCA,1837,1847
John M Albright,Quaker,APS,1860,1867
G W Alexander,Quaker,APS,1851,1867
Henry Alexander,Quaker,APS,1860,1866
R D Alexander,Quaker,APS,1839,1860
Thomas Allis,Quaker,APS,1856,1867
John D Appleton,Quaker,APS,1864,1867
Caroline Armistead,Quaker,APS,1861,1865
Joseph Armistead,Quaker,APS,1861,1864
Edward Ash,Quaker,APS,1839,1860
Alfred Backhouse,Quaker,APS,1860,1867
Edmund Backhouse,Quaker,APS,1861,1867
Edward Jun Backhouse,Quaker,APS,1851,1855
James Jun Backhouse,Quaker,APS,1863,1867
John Church Backhouse,Quaker,APS,1852,1852
J E Baker,Quaker,APS,1861,1867
James Baker,Quaker,APS,1861,1867
A P Balkwill,Quaker,APS,1862,1862
William Ball,Quaker,APS,1840,1866
Eliza Barclay,Quaker,APS,1851,1866
J Gurney Barclay,Quaker,APS,1852,1852
Jonathan Barrett,Quaker,APS,1860,1861
R Barrett,Quaker,APS,1853,1860
R C Barrow,Quaker,APS,1860,1864
S Barter,Quaker,APS,1861,1862
John D Bassett,Quaker,APS,1851,1867
John Baynes,Quaker,APS,1838,1838
John Beaumont,Quaker,APS,1839,1860
Rebecca Beaumont,Quaker,APS,1860,1866
William Beaumont,Quaker,APS,1860,1867
Samuel Beck,Quaker,APS,1861,1866
Deborah Beesley,Quaker,APS,1860,1867
Paul Bevan,Quaker,APS,1860,1867
Robert Bevan,Quaker,APS,1851,1854
Martha A Binyon,Quaker,APS,1866,1867
Thomas Binyon,Quaker,APS,1851,1860
S Birchall,Quaker,APS,1861,1862
Thomas Blain,Quaker,APS,1865,1867
J Blunsom,Quaker,APS,1861,1865
W Bott,Quaker,APS,1862,1862
Christopher Bowley,Quaker,APS,1838,1862
W C Bowley,Quaker,APS,1860,1862
Edwin Bracher,Quaker,APS,1861,1866
James Bracher,Quaker,APS,1861,1861
Lucy Bradshaw,Quaker,APS,1860,1861
G S Brady,Quaker,APS,1861,1861
Joseph B Braithwaite,Quaker,APS,1866,1867
S Braithwaite,Quaker,APS,1862,1862
Charles Brewin,Quaker,APS,1840,1840
Robert Brewin,Quaker,APS,1860,1867
Thomas Brewin,Quaker,APS,1860,1867
William Brewin,Quaker,APS,1860,1867
Francis Brown,Quaker,APS,1861,1867
Gopsill Brown,Quaker,APS,1860,1860
W W Brown,Quaker,APS,1861,1866
J F Burgess,Quaker,APS,1860,1861
Wilson Burgess,Quaker,APS,1852,1852
Henry Burlingham,Quaker,APS,1861,1867
Jonathan Burtt,Quaker,APS,1847,1867
P Burtt,Quaker,APS,1861,1861
James Cadbury,Quaker,APS,1838,1867
John M Candler,Quaker,APS,1839,1867
Edward Carroll,Quaker,APS,1865,1865
Joseph Cash,Quaker,APS,1863,1867
Newman Cash,Quaker,APS,1838,1838
William Cash,Quaker,APS,1839,1840
R D Catchpool,Quaker,APS,1860,1867
Thomas Catchpool,Quaker,APS,1838,1855
Thomas Chalk,Quaker,APS,1839,1840
Elizabeth Charelton,Quaker,APS,1861,1867
James Charleton,Quaker,APS,1839,1839
Robert Charleton,Quaker,APS,1856,1867
Richard Christy,Quaker,APS,1840,1866
Cyrus Clark,Quaker,APS,1861,1861
James Clark (2),Quaker,APS,1860,1866
Joseph Clark,Quaker,APS,1860,1866
W S Clark,Quaker,APS,1861,1866
George Cook,Quaker,APS,1866,1866
J H Cotterell,Quaker,APS,1862,1862
Elliott Cresson,Quaker,APS,1839,1852
W D Crewdson,Quaker,APS,1838,1840
Ann Cropper,Quaker,APS,1861,1867
James Cropper,Quaker,APS,1866,1867
John Cropper,Quaker,APS,1866,1867
Joseph Crosfield,Quaker,APS,1861,1867
William Crosfield,Quaker,APS,1861,1864
Jeremiah Cross,Quaker,APS,1861,1866
Martha Cross,Quaker,APS,1860,1860
Edward A Crouch,Quaker,APS,1857,1860
Abraham Crowley,Quaker,APS,1851,1855
Frederick Crowley,Quaker,APS,1865,1867
J Cudworth,Quaker,APS,1860,1863
Mary Cudworth,Quaker,APS,1861,1867
William Cudworth,Quaker,APS,1861,1867
Lucy Darby,Quaker,APS,1851,1855
Richard Day,Quaker,APS,1851,1851
William Dent,Quaker,APS,1851,1855
Barnard Dickinson,Quaker,APS,1851,1853
Elizabeth G Dimsdale,Quaker,APS,1867,1867
J Doubleday,Quaker,APS,1866,1866
R Doubleday,Quaker,APS,1866,1866
Joseph Eaton,Quaker,APS,1839,1858
Thomas Emmott,Quaker,APS,1866,1867
Mary Exton,Quaker,APS,1852,1860
William Exton,Quaker,APS,1851,1851
Abraham Fisher,Quaker,APS,1859,1865
Rachel Fowler,Quaker,APS,1851,1867
Thomas Fowler,Quaker,APS,1838,1851
Alfred L Fox,Quaker,APS,1867,1867
Francis E Fox,Quaker,APS,1838,1867
Frederick H Fox,Quaker,APS,1862,1867
J G Fox,Quaker,APS,1858,1858
R Barclay Fox,Quaker,APS,1851,1857
Philip Frith,Quaker,APS,1839,1840
Frederick Fryer,Quaker,APS,1861,1867
John Gayner,Quaker,APS,1865,1865
Deborah Gibson,Quaker,APS,1866,1866
E Gilkes,Quaker,APS,1861,1861
Charles Gillett,Quaker,APS,1860,1867
Jonathan Gillett,Quaker,APS,1860,1867
Burwood Godlee,Quaker,APS,1839,1867
Alexander Grace,Quaker,APS,1862,1867
Anna Gurney,Quaker,APS,1851,1857
Edmund Gurney,Quaker,APS,1851,1855
Henry E Gurney,Quaker,APS,1855,1866
John Gurney,Quaker,APS,1839,1855
Samuel Gurney,Quaker,APS,1838,1867
Daniel P Hack,Quaker,APS,1851,1867
John Barton Hack,Quaker,APS,1839,1851
Cornelius Hanbury,Quaker,APS,1838,1867
Cornelius x Jun Hanbury,Quaker,APS,1866,1867
Daniel Bell Hanbury,Quaker,APS,1851,1867
Samuel Hare,Quaker,APS,1861,1866
Charles L Harford,Quaker,APS,1838,1855
John Harford,Quaker,APS,1838,1851
Summers Harford,Quaker,APS,1838,1855
William Hargreaves,Quaker,APS,1860,1867
John Harlock,Quaker,APS,1860,1867
Theodore Harris,Quaker,APS,1862,1867
Gray Hester,Quaker,APS,1861,1867
M A Hewitson,Quaker,APS,1867,1867
Henry Hipsley,Quaker,APS,1862,1867
John Hodgkin,Quaker,APS,1851,1867
J Holdsworth,Quaker,APS,1860,1861
Richard Holdsworth,Quaker,APS,1864,1867
G B Holmes,Quaker,APS,1840,1840
S Horman-Fisher,Quaker,APS,1857,1857
Robert Horne,Quaker,APS,1860,1867
John Horniman,Quaker,APS,1860,1867
Charles Horsnaill,Quaker,APS,1860,1866
W C Horsnaill,Quaker,APS,1860,1861
Sarah Hotham,Quaker,APS,1860,1866
Luke Howard,Quaker,APS,1851,1852
William Howitt,Quaker,APS,1839,1851
Rachel Hubbert,Quaker,APS,1866,1866
Joseph Hudson,Quaker,APS,1861,1861
John Huntley,Quaker,APS,1864,1866
Joseph Huntley,Quaker,APS,1860,1867
Martha Hutchinson,Quaker,APS,1839,1840
R Impey,Quaker,APS,1861,1863
Edward James,Quaker,APS,1860,1867
A Janson,Quaker,APS,1861,1861
William Janson,Quaker,APS,1852,1867
Andrew Johnston,Quaker,APS,1838,1866
Andrew & Jun Johnston,Quaker,APS,1861,1862
John Jowett,Quaker,APS,1860,1867
W D King,Quaker,APS,1862,1865
J H Knight,Quaker,APS,1860,1861
T Knott,Quaker,APS,1860,1860
Edward A Leatham,Quaker,APS,1851,1867
Isabella Lister,Quaker,APS,1838,1840
Wilson Lloyd,Quaker,APS,1866,1867
Haggar Lowe,Quaker,APS,1838,1867
Edmund Lucas,Quaker,APS,1851,1864
Frederick Lucas,Quaker,APS,1839,1840
Jeffrey Lucas,Quaker,APS,1840,1854
Martha Lucas,Quaker,APS,1851,1855
Samuel Lucas,Quaker,APS,1851,1867
William Jun Lucas,Quaker,APS,1839,1860
Harford Lury,Quaker,APS,1860,1865
J E Lury,Quaker,APS,1853,1867
W Mann,Quaker,APS,1860,1860
Caroline Marriage,Quaker,APS,1860,1867
Edward Marsh,Quaker,APS,1857,1867
Thomas William Marsh,Quaker,APS,1860,1867
Thomas Maw,Quaker,APS,1839,1840
Edward C May,Quaker,APS,1839,1862
Francis May,Quaker,APS,1860,1865
John Mayfield,Quaker,APS,1847,1867
Josiah Merrick,Quaker,APS,1860,1867
John Morland,Quaker,APS,1839,1867
George L Neighbour,Quaker,APS,1847,1867
Josiah Newman,Quaker,APS,1867,1867
William Norris,Quaker,APS,1860,1867
Thomas Norton,Quaker,APS,1860,1867
William Norton,Quaker,APS,1861,1867
William Nutter,Quaker,APS,1860,1866
J J Packer,Quaker,APS,1861,1862
George Palmer,Quaker,APS,1860,1867
Reuben C Payne,Quaker,APS,1860,1867
Arthur Pease,Quaker,APS,1861,1866
Edward Pease,Quaker,APS,1838,1867
Gurney Pease,Quaker,APS,1865,1866
Henry Fell Pease,Quaker,APS,1851,1867
John Pease,Quaker,APS,1851,1867
John B Pease,Quaker,APS,1852,1867
Joseph Pease,Quaker,APS,1838,1866
Joseph Whitwell Pease,Quaker,APS,1866,1866
Susan Pease,Quaker,APS,1851,1851
Thomas Pease,Quaker,APS,1861,1867
Algernon Peckover,Quaker,APS,1851,1867
William Peckover,Quaker,APS,1866,1867
Robert H Penney,Quaker,APS,1866,1867
Isaac Pitt,Quaker,APS,1860,1867
Jacob Post,Quaker,APS,1839,1851
Joseph T Price,Quaker,APS,1838,1855
Lydia Prideaux,Quaker,APS,1860,1867
Samuel Priestman,Quaker,APS,1860,1865
John Pryor,Quaker,APS,1852,1852
G R Pumphrey,Quaker,APS,1862,1862
W P Read,Quaker,APS,1862,1862
Isaac Reckitt,Quaker,APS,1861,1861
Jonathan Rees,Quaker,APS,1851,1854
Jane Reynolds,Quaker,APS,1838,1855
G E Richardson,Quaker,APS,1860,1860
John Rickman,Quaker,APS,1839,1851
Josephina Rickman,Quaker,APS,1839,1851
Matilda Rickman,Quaker,APS,1851,1851
Priscilla Rickman,Quaker,APS,1840,1840
R Rickman,Quaker,APS,1838,1863
R P Rickman,Quaker,APS,1860,1865
Isaac Robson,Quaker,APS,1862,1867
J S Robson,Quaker,APS,1861,1867
Joseph Rosling,Quaker,APS,1860,1860
Samuel Rosling,Quaker,APS,1866,1867
John Rowntree,Quaker,APS,1855,1867
W Rowntree,Quaker,APS,1860,1860
Sarah Rundell,Quaker,APS,1851,1856
John F Rutter,Quaker,APS,1863,1867
Samuel Rutter,Quaker,APS,1862,1866
E Sayce,Quaker,APS,1860,1860
Hannah Scarr,Quaker,APS,1861,1866
F Seebohm,Quaker,APS,1861,1861
John R Seekings,Quaker,APS,1862,1866
James Sessions,Quaker,APS,1851,1859
Lydia Sessions,Quaker,APS,1865,1865
Robert Sessions,Quaker,APS,1861,1867
Abraham Sewell,Quaker,APS,1860,1866
E F Sewell,Quaker,APS,1860,1860
Joseph Sewell,Quaker,APS,1851,1851
Phillip Sewell,Quaker,APS,1851,1856
Joseph Sharples,Quaker,APS,1838,1867
John T Shewell,Quaker,APS,1852,1866
Thomas Short,Quaker,APS,1861,1867
W Dillwyn Sims,Quaker,APS,1851,1865
W Skinner,Quaker,APS,1861,1861
Bartholomew Smith,Quaker,APS,1861,1867
George Smithson,Quaker,APS,1865,1866
E P Southall,Quaker,APS,1838,1838
Sarah Southall,Quaker,APS,1864,1867
J M Sparkes,Quaker,APS,1861,1866
H Squire,Quaker,APS,1860,1860
John Stansfield,Quaker,APS,1860,1866
Joseph Sterry,Quaker,APS,1851,1867
Sarah Sterry,Quaker,APS,1860,1861
J L Stevens,Quaker,APS,1860,1865
Charles Sturge,Quaker,APS,1860,1862
Edmund Sturge,Quaker,APS,1860,1862
George Sturge,Quaker,APS,1867,1867
H J Sturge,Quaker,APS,1865,1867
Samuel Sturge,Quaker,APS,1851,1855
Thomas M Sturge,Quaker,APS,1838,1866
Walter Sturge,Quaker,APS,1860,1867
Jemima Swan,Quaker,APS,1862,1867
William Tanner,Quaker,APS,1860,1865
W Tatum,Quaker,APS,1860,1862
Edward Thomas,Quaker,APS,1851,1854
George Thomas,Quaker,APS,1851,1867
Samuel Thompson,Quaker,APS,1839,1840
Fielden Thorpe,Quaker,APS,1862,1867
E O Tindale,Quaker,APS,1860,1860
Robert Tindall,Quaker,APS,1839,1839
Joshua Treffry,Quaker,APS,1860,1867
Nathaniel Tregellis,Quaker,APS,1859,1867
Elizabeth Tuckett,Quaker,APS,1840,1840
Francis Tuckett,Quaker,APS,1840,1854
P Debell Tuckett,Quaker,APS,1839,1866
D Tuke,Quaker,APS,1861,1862
J H Tuke,Quaker,APS,1862,1862
Samuel Tuke,Quaker,APS,1840,1860
Ann Tweedy,Quaker,APS,1861,1867
R Tweedy,Quaker,APS,1860,1860
William Tweedy,Quaker,APS,1838,1854
Richard Veale,Quaker,APS,1852,1867
William Veale,Quaker,APS,1864,1864
John Wadge,Quaker,APS,1838,1838
F J Walker,Quaker,APS,1860,1860
Marriage Wallis,Quaker,APS,1861,1866
Charles B Warner,Quaker,APS,1851,1851
Septimus Warner,Quaker,APS,1862,1862
Lucy Westcombe,Quaker,APS,1865,1867
Thomas Westcombe,Quaker,APS,1860,1867
Benjamin Wheeler,Quaker,APS,1851,1856
Frederick Wheeler,Quaker,APS,1851,1867
Samuel Wheeler,Quaker,APS,1852,1854
John Whiting,Quaker,APS,1862,1867
John Wiblin,Quaker,APS,1861,1867
Caleb Williams,Quaker,APS,1854,1867
John E Wilson,Quaker,APS,1860,1867
Joshua Wilson,Quaker,APS,1860,1860
F Woodhead,Quaker,APS,1861,1862
W Woolston,Quaker,APS,1861,1861
Francis Wright,Quaker,APS,1838,1838
S W Wright,Quaker,APS,1861,1861
